"","spelling"
"1","mature"
"2","dude"
"3","youngest"
"4","nugget"
"5","housewife"
"6","surface"
"7","garden"
"8","good"
"9","because"
"10","trial"
"11","entry"
"12","surround"
"13","eyeball"
"14","sleeve"
"15","did"
"16","junk"
"17","painful"
"18","console"
"19","delete"
"20","inflate"
"21","grenade"
"22","pass"
"23","sport"
"24","end"
"25","colour"
"26","seven"
"27","quarrel"
"28","darkest"
"29","vault"
"30","provide"
"31","toothpaste"
"32","baseline"
"33","penguin"
"34","thief"
"35","alive"
"36","coldest"
"37","beast"
"38","round"
"39","space"
"40","tangle"
"41","descend"
"42","wipe"
"43","addict"
"44","platform"
"45","knowledge"
"46","wallet"
"47","bathrobe"
"48","thorough"
"49","distant"
"50","lyric"
"51","ape"
"52","foe"
"53","twentieth"
"54","remind"
"55","bye"
"56","safety"
"57","peace"
"58","salesman"
"59","staff"
"60","sparrow"
"61","tribe"
"62","weird"
"63","plenty"
"64","venue"
"65","risk"
"66","share"
"67","quite"
"68","custard"
"69","custom"
"70","taught"
"71","wee"
"72","heavy"
"73","wrap"
"74","patch"
"75","joint"
"76","trumpet"
"77","without"
"78","stag"
"79","remake"
"80","zoo"
"81","chair"
"82","foreskin"
"83","wound"
"84","given"
"85","chin"
"86","forget"
"87","nasty"
"88","declare"
"89","giant"
"90","manage"
"91","twist"
"92","country"
"93","involve"
"94","rocket"
"95","decay"
"96","proven"
"97","knob"
"98","tipsy"
"99","sand"
"100","hostel"
"101","licence"
"102","photo"
"103","rib"
"104","moisture"
"105","insist"
"106","demon"
"107","horrid"
"108","brunette"
"109","shameless"
"110","sake"
"111","trace"
"112","kidnap"
"113","whistle"
"114","loop"
"115","stray"
"116","plump"
"117","arise"
"118","ankle"
"119","comfy"
"120","rattle"
"121","beam"
"122","visa"
"123","chemist"
"124","thirst"
"125","rudeness"
"126","funny"
"127","donkey"
"128","backyard"
"129","evil"
"130","magic"
"131","plead"
"132","intend"
"133","circle"
"134","keyboard"
"135","nectar"
"136","distance"
"137","swan"
"138","resign"
"139","gateway"
"140","fish"
"141","ribbon"
"142","survey"
"143","virgin"
"144","therefore"
"145","inform"
"146","pipeline"
"147","structure"
"148","spiral"
"149","learn"
"150","sperm"
"151","fool"
"152","tail"
"153","decline"
"154","party"
"155","hate"
"156","still"
"157","problem"
"158","cigar"
"159","landlord"
"160","rebirth"
"161","gone"
"162","rope"
"163","update"
"164","slap"
"165","smart"
"166","stand"
"167","swift"
"168","beware"
"169","joke"
"170","obtain"
"171","minute"
"172","nature"
"173","absolve"
"174","solo"
"175","decade"
"176","measure"
"177","treat"
"178","rapid"
"179","bold"
"180","ferry"
"181","let"
"182","frighten"
"183","research"
"184","forearm"
"185","obscure"
"186","racist"
"187","apron"
"188","priest"
"189","default"
"190","defend"
"191","deceive"
"192","vote"
"193","before"
"194","smack"
"195","insult"
"196","flashy"
"197","monkey"
"198","patience"
"199","image"
"200","class"
"201","partial"
"202","withdrawn"
"203","listen"
"204","habit"
"205","throat"
"206","hottest"
"207","sublime"
"208","unveil"
"209","couch"
"210","nearby"
"211","state"
"212","pick"
"213","dairy"
"214","cottage"
"215","tissue"
"216","store"
"217","god"
"218","bear"
"219","vacant"
"220","rhythmic"
"221","headlight"
"222","broom"
"223","pointless"
"224","opium"
"225","thirteen"
"226","toast"
"227","into"
"228","yank"
"229","due"
"230","wholesome"
"231","virtual"
"232","tunnel"
"233","block"
"234","flash"
"235","slut"
"236","outright"
"237","profile"
"238","tear"
"239","decent"
"240","vomit"
"241","call"
"242","which"
"243","oral"
"244","felt"
"245","tie"
"246","food"
"247","like"
"248","life"
"249","battle"
"250","prelude"
"251","world"
"252","scrap"
"253","damp"
"254","friendship"
"255","shortest"
"256","captain"
"257","mouthpiece"
"258","absorb"
"259","scarf"
"260","fruitcake"
"261","jockey"
"262","urine"
"263","moody"
"264","glamour"
"265","lord"
"266","month"
"267","bull"
"268","fold"
"269","potion"
"270","wish"
"271","protest"
"272","cellar"
"273","subside"
"274","trademark"
"275","insect"
"276","presence"
"277","total"
"278","compare"
"279","priceless"
"280","house"
"281","quiz"
"282","male"
"283","furnace"
"284","seat"
"285","endorse"
"286","maintain"
"287","destroy"
"288","nudge"
"289","bit"
"290","mood"
"291","whirlpool"
"292","shameful"
"293","tackle"
"294","outcast"
"295","haze"
"296","roast"
"297","amount"
"298","hijack"
"299","squeaky"
"300","prank"
"301","shake"
"302","way"
"303","jump"
"304","rubbish"
"305","review"
"306","exclude"
"307","faithless"
"308","frame"
"309","middle"
"310","deserve"
"311","query"
"312","disperse"
"313","culture"
"314","game"
"315","freedom"
"316","via"
"317","spell"
"318","threesome"
"319","oldest"
"320","nurse"
"321","basic"
"322","withdrew"
"323","downfall"
"324","moustache"
"325","topic"
"326","suit"
"327","climax"
"328","glass"
"329","spit"
"330","harbour"
"331","birth"
"332","wrench"
"333","sticky"
"334","expert"
"335","shorthand"
"336","chloride"
"337","liar"
"338","candy"
"339","placement"
"340","finance"
"341","yeast"
"342","hateful"
"343","project"
"344","sickness"
"345","hire"
"346","croquet"
"347","mainland"
"348","breast"
"349","cause"
"350","lecture"
"351","colleague"
"352","disarm"
"353","belief"
"354","office"
"355","trophy"
"356","voltage"
"357","personal"
"358","lit"
"359","egg"
"360","caught"
"361","spoilt"
"362","fuel"
"363","jungle"
"364","grease"
"365","bedtime"
"366","degree"
"367","fragile"
"368","return"
"369","programme"
"370","alone"
"371","across"
"372","severe"
"373","daze"
"374","mystic"
"375","try"
"376","market"
"377","torch"
"378","detail"
"379","express"
"380","blueprint"
"381","pussy"
"382","pursuit"
"383","spy"
"384","tango"
"385","above"
"386","leaflet"
"387","lust"
"388","music"
"389","several"
"390","accord"
"391","fidget"
"392","airport"
"393","blank"
"394","caption"
"395","hurt"
"396","obey"
"397","law"
"398","dictate"
"399","perfect"
"400","necklace"
"401","resume"
"402","concrete"
"403","bride"
"404","rejoin"
"405","till"
"406","chest"
"407","follow"
"408","crash"
"409","value"
"410","advice"
"411","stay"
"412","dislike"
"413","door"
"414","doorway"
"415","floor"
"416","entrance"
"417","breath"
"418","bomb"
"419","mint"
"420","dish"
"421","dolphin"
"422","foil"
"423","hardware"
"424","dear"
"425","motion"
"426","explain"
"427","slight"
"428","loudest"
"429","hideout"
"430","cane"
"431","frail"
"432","wine"
"433","log"
"434","proud"
"435","seaside"
"436","clamp"
"437","misfit"
"438","oat"
"439","pace"
"440","sweetest"
"441","erupt"
"442","thank"
"443","suitcase"
"444","smile"
"445","throughout"
"446","serve"
"447","icy"
"448","safe"
"449","perfume"
"450","joy"
"451","tablet"
"452","foreplay"
"453","couple"
"454","headline"
"455","scramble"
"456","choose"
"457","bone"
"458","mice"
"459","kit"
"460","summit"
"461","railroad"
"462","wall"
"463","eighteenth"
"464","bank"
"465","epic"
"466","foresight"
"467","ill"
"468","drive"
"469","submerge"
"470","invest"
"471","punk"
"472","extract"
"473","single"
"474","freeze"
"475","compact"
"476","send"
"477","prompt"
"478","grain"
"479","kick"
"480","assure"
"481","fairy"
"482","blindfold"
"483","failure"
"484","kite"
"485","flute"
"486","drowsy"
"487","crime"
"488","shape"
"489","cardboard"
"490","lobby"
"491","agree"
"492","result"
"493","taste"
"494","report"
"495","cocaine"
"496","more"
"497","rage"
"498","command"
"499","muscle"
"500","brief"
"501","all"
"502","nipple"
"503","corny"
"504","novel"
"505","porch"
"506","contain"
"507","bottom"
"508","twirl"
"509","hungry"
"510","lice"
"511","snooze"
"512","nephew"
"513","ready"
"514","loyal"
"515","pose"
"516","odour"
"517","software"
"518","keep"
"519","flow"
"520","linear"
"521","fluffy"
"522","straddle"
"523","shipwreck"
"524","infect"
"525","inverse"
"526","saint"
"527","react"
"528","rinse"
"529","poem"
"530","constant"
"531","gallon"
"532","upright"
"533","donate"
"534","permit"
"535","mischief"
"536","cattle"
"537","model"
"538","mentor"
"539","compass"
"540","shift"
"541","deviance"
"542","awake"
"543","deepest"
"544","checkout"
"545","milkman"
"546","ahead"
"547","auto"
"548","bird"
"549","endless"
"550","rightful"
"551","festive"
"552","admit"
"553","spokesman"
"554","prepare"
"555","tactile"
"556","texture"
"557","tempt"
"558","film"
"559","strong"
"560","median"
"561","glow"
"562","bad"
"563","greasy"
"564","sleepless"
"565","lion"
"566","snowman"
"567","restraint"
"568","tall"
"569","cosmic"
"570","polar"
"571","want"
"572","neck"
"573","incline"
"574","paint"
"575","spin"
"576","post"
"577","collect"
"578","throw"
"579","packet"
"580","adverb"
"581","accent"
"582","sent"
"583","outlook"
"584","escape"
"585","acid"
"586","clash"
"587","sprite"
"588","outlaw"
"589","pole"
"590","luggage"
"591","fraud"
"592","plastic"
"593","lifeless"
"594","burst"
"595","vulgar"
"596","spotless"
"597","court"
"598","agent"
"599","handle"
"600","guard"
"601","noise"
"602","misty"
"603","wrinkle"
"604","schedule"
"605","budget"
"606","thought"
"607","manhood"
"608","worship"
"609","brown"
"610","belt"
"611","salt"
"612","net"
"613","outcome"
"614","mummy"
"615","stopwatch"
"616","lazy"
"617","flirt"
"618","ham"
"619","guitar"
"620","dodge"
"621","accuse"
"622","lethal"
"623","dull"
"624","count"
"625","hedge"
"626","although"
"627","women"
"628","side"
"629","fringe"
"630","spine"
"631","who"
"632","auntie"
"633","can"
"634","empty"
"635","pond"
"636","fruitful"
"637","stir"
"638","curl"
"639","station"
"640","tavern"
"641","present"
"642","speedy"
"643","mourn"
"644","float"
"645","marine"
"646","bypass"
"647","consume"
"648","same"
"649","argue"
"650","wise"
"651","saddest"
"652","immense"
"653","disgrace"
"654","passion"
"655","sweaty"
"656","sour"
"657","clown"
"658","torture"
"659","pain"
"660","slide"
"661","autumn"
"662","moonlight"
"663","polite"
"664","mindless"
"665","boil"
"666","unkind"
"667","box"
"668","confuse"
"669","own"
"670","except"
"671","tweak"
"672","shout"
"673","nostril"
"674","drastic"
"675","aloud"
"676","cage"
"677","guess"
"678","stamp"
"679","tease"
"680","virtue"
"681","remove"
"682","enjoy"
"683","choir"
"684","panic"
"685","cheat"
"686","base"
"687","static"
"688","syndrome"
"689","truck"
"690","scalp"
"691","heartache"
"692","cuckoo"
"693","posture"
"694","purchase"
"695","honour"
"696","grapefruit"
"697","air"
"698","cake"
"699","crinkle"
"700","green"
"701","lowest"
"702","machine"
"703","hairy"
"704","play"
"705","me"
"706","gear"
"707","hairless"
"708","tallest"
"709","cotton"
"710","nearest"
"711","past"
"712","group"
"713","long"
"714","govern"
"715","whole"
"716","pendant"
"717","driven"
"718","stress"
"719","omen"
"720","prick"
"721","frequent"
"722","lengthen"
"723","strain"
"724","sloppy"
"725","scratch"
"726","method"
"727","crush"
"728","coupon"
"729","backward"
"730","poor"
"731","elbow"
"732","mince"
"733","ballpoint"
"734","thousand"
"735","breeze"
"736","refrain"
"737","biggest"
"738","last"
"739","gulf"
"740","quickness"
"741","fancy"
"742","diverse"
"743","rain"
"744","bond"
"745","tomboy"
"746","pumpkin"
"747","talk"
"748","whirl"
"749","leap"
"750","pool"
"751","zebra"
"752","banquet"
"753","affluent"
"754","cancel"
"755","crotch"
"756","sincere"
"757","marriage"
"758","gravel"
"759","toilet"
"760","smug"
"761","oh"
"762","light"
"763","cast"
"764","police"
"765","sob"
"766","concept"
"767","helpless"
"768","tough"
"769","breathe"
"770","extreme"
"771","idol"
"772","sex"
"773","ketchup"
"774","village"
"775","chop"
"776","shuffle"
"777","dental"
"778","himself"
"779","spirit"
"780","fine"
"781","armour"
"782","puppy"
"783","dollar"
"784","richest"
"785","beg"
"786","heighten"
"787","gallop"
"788","graceful"
"789","nettle"
"790","decrease"
"791","annual"
"792","trivia"
"793","foul"
"794","puddle"
"795","front"
"796","cartoon"
"797","lesbian"
"798","barrel"
"799","question"
"800","change"
"801","crowd"
"802","streamline"
"803","mission"
"804","infant"
"805","hiccup"
"806","spoon"
"807","blindness"
"808","cook"
"809","assume"
"810","feet"
"811","expect"
"812","pupil"
"813","travel"
"814","hot"
"815","cockpit"
"816","maybe"
"817","remote"
"818","treatment"
"819","rhyme"
"820","classroom"
"821","lake"
"822","excite"
"823","risky"
"824","hug"
"825","amongst"
"826","pub"
"827","crab"
"828","tremble"
"829","refuse"
"830","despite"
"831","displace"
"832","gift"
"833","get"
"834","able"
"835","dawn"
"836","disgust"
"837","clap"
"838","finest"
"839","rapture"
"840","road"
"841","compound"
"842","melon"
"843","bedroom"
"844","flavour"
"845","freewill"
"846","attach"
"847","rebuild"
"848","envy"
"849","claw"
"850","hear"
"851","install"
"852","fruity"
"853","shore"
"854","glimpse"
"855","sixteenth"
"856","ethic"
"857","clearest"
"858","begin"
"859","usual"
"860","fame"
"861","offence"
"862","needle"
"863","clock"
"864","blonde"
"865","mixture"
"866","arson"
"867","brush"
"868","thumb"
"869","fatal"
"870","know"
"871","roulette"
"872","thoughtful"
"873","scandal"
"874","whale"
"875","please"
"876","moral"
"877","untold"
"878","manic"
"879","beauty"
"880","fastest"
"881","chill"
"882","household"
"883","tank"
"884","ideal"
"885","crew"
"886","escort"
"887","sharpen"
"888","sunny"
"889","warmth"
"890","cell"
"891","horror"
"892","eaten"
"893","wife"
"894","dirty"
"895","plague"
"896","prime"
"897","prescribe"
"898","lizard"
"899","strengthen"
"900","sidewalk"
"901","toffee"
"902","cuisine"
"903","fasten"
"904","howl"
"905","heel"
"906","salute"
"907","saloon"
"908","cheap"
"909","certain"
"910","tide"
"911","most"
"912","grandson"
"913","trout"
"914","neutral"
"915","whisky"
"916","token"
"917","neglect"
"918","swept"
"919","factual"
"920","strangest"
"921","sexist"
"922","top"
"923","granite"
"924","mum"
"925","despair"
"926","armchair"
"927","thrill"
"928","backstage"
"929","hello"
"930","handful"
"931","double"
"932","issue"
"933","cave"
"934","calcium"
"935","design"
"936","grave"
"937","dove"
"938","man"
"939","asset"
"940","storage"
"941","mosque"
"942","bunny"
"943","wild"
"944","commute"
"945","mistake"
"946","wage"
"947","dashboard"
"948","velvet"
"949","merge"
"950","high"
"951","textbook"
"952","day"
"953","daft"
"954","pet"
"955","children"
"956","dreamy"
"957","format"
"958","challenge"
"959","employ"
"960","demand"
"961","exam"
"962","college"
"963","soapy"
"964","text"
"965","blend"
"966","bucket"
"967","wet"
"968","firm"
"969","chick"
"970","bribe"
"971","inside"
"972","core"
"973","drunkard"
"974","sign"
"975","level"
"976","jury"
"977","feature"
"978","drawback"
"979","villain"
"980","steal"
"981","flake"
"982","fusion"
"983","heat"
"984","hairline"
"985","judgement"
"986","athlete"
"987","bounce"
"988","absence"
"989","drainage"
"990","coach"
"991","fierce"
"992","prudent"
"993","greyhound"
"994","nail"
"995","hitch"
"996","handshake"
"997","mess"
"998","curry"
"999","kiss"
"1000","password"
